Date,Year,Month,MonthPeriod,MonthYear,Day,DayName
2019-12-15,2019,12,201912,Dec-19,15,Sunday
2019-12-16,2019,12,201912,Dec-19,16,Monday
2019-12-17,2019,12,201912,Dec-19,17,Tuesday
2019-12-18,2019,12,201912,Dec-19,18,Wednesday
2019-12-19,2019,12,201912,Dec-19,19,Thursday
2019-12-20,2019,12,201912,Dec-19,20,Friday
2019-12-21,2019,12,201912,Dec-19,21,Saturday
2019-12-22,2019,12,201912,Dec-19,22,Sunday
2019-12-23,2019,12,201912,Dec-19,23,Monday
2019-12-24,2019,12,201912,Dec-19,24,Tuesday
2019-12-25,2019,12,201912,Dec-19,25,Wednesday
2019-12-26,2019,12,201912,Dec-19,26,Thursday
2019-12-27,2019,12,201912,Dec-19,27,Friday
2019-12-28,2019,12,201912,Dec-19,28,Saturday
2019-12-29,2019,12,201912,Dec-19,29,Sunday
2019-12-30,2019,12,201912,Dec-19,30,Monday
2019-12-31,2019,12,201912,Dec-19,31,Tuesday
2020-01-01,2020,1,202001,Jan-20,1,Wednesday
2020-01-02,2020,1,202001,Jan-20,2,Thursday
2020-01-03,2020,1,202001,Jan-20,3,Friday
2020-01-04,2020,1,202001,Jan-20,4,Saturday
2020-01-05,2020,1,202001,Jan-20,5,Sunday
2020-01-06,2020,1,202001,Jan-20,6,Monday
2020-01-07,2020,1,202001,Jan-20,7,Tuesday
2020-01-08,2020,1,202001,Jan-20,8,Wednesday
2020-01-09,2020,1,202001,Jan-20,9,Thursday
2020-01-10,2020,1,202001,Jan-20,10,Friday
2020-01-11,2020,1,202001,Jan-20,11,Saturday
2020-01-12,2020,1,202001,Jan-20,12,Sunday
2020-01-13,2020,1,202001,Jan-20,13,Monday
2020-01-14,2020,1,202001,Jan-20,14,Tuesday
2020-01-15,2020,1,202001,Jan-20,15,Wednesday
2020-01-16,2020,1,202001,Jan-20,16,Thursday
2020-01-17,2020,1,202001,Jan-20,17,Friday
2020-01-18,2020,1,202001,Jan-20,18,Saturday
2020-01-19,2020,1,202001,Jan-20,19,Sunday
2020-01-20,2020,1,202001,Jan-20,20,Monday
2020-01-21,2020,1,202001,Jan-20,21,Tuesday
2020-01-22,2020,1,202001,Jan-20,22,Wednesday
2020-01-23,2020,1,202001,Jan-20,23,Thursday
2020-01-24,2020,1,202001,Jan-20,24,Friday
2020-01-25,2020,1,202001,Jan-20,25,Saturday
2020-01-26,2020,1,202001,Jan-20,26,Sunday
2020-01-27,2020,1,202001,Jan-20,27,Monday
2020-01-28,2020,1,202001,Jan-20,28,Tuesday
2020-01-29,2020,1,202001,Jan-20,29,Wednesday
2020-01-30,2020,1,202001,Jan-20,30,Thursday
2020-01-31,2020,1,202001,Jan-20,31,Friday
2020-02-01,2020,2,202002,Feb-20,1,Saturday
2020-02-02,2020,2,202002,Feb-20,2,Sunday
2020-02-03,2020,2,202002,Feb-20,3,Monday
2020-02-04,2020,2,202002,Feb-20,4,Tuesday
2020-02-05,2020,2,202002,Feb-20,5,Wednesday
2020-02-06,2020,2,202002,Feb-20,6,Thursday
2020-02-07,2020,2,202002,Feb-20,7,Friday
2020-02-08,2020,2,202002,Feb-20,8,Saturday
2020-02-09,2020,2,202002,Feb-20,9,Sunday
2020-02-10,2020,2,202002,Feb-20,10,Monday
2020-02-11,2020,2,202002,Feb-20,11,Tuesday
2020-02-12,2020,2,202002,Feb-20,12,Wednesday
2020-02-13,2020,2,202002,Feb-20,13,Thursday
2020-02-14,2020,2,202002,Feb-20,14,Friday
2020-02-15,2020,2,202002,Feb-20,15,Saturday
2020-02-16,2020,2,202002,Feb-20,16,Sunday
2020-02-17,2020,2,202002,Feb-20,17,Monday
2020-02-18,2020,2,202002,Feb-20,18,Tuesday
2020-02-19,2020,2,202002,Feb-20,19,Wednesday
2020-02-20,2020,2,202002,Feb-20,20,Thursday
2020-02-21,2020,2,202002,Feb-20,21,Friday
2020-02-22,2020,2,202002,Feb-20,22,Saturday
2020-02-23,2020,2,202002,Feb-20,23,Sunday
2020-02-24,2020,2,202002,Feb-20,24,Monday
2020-02-25,2020,2,202002,Feb-20,25,Tuesday
2020-02-26,2020,2,202002,Feb-20,26,Wednesday
2020-02-27,2020,2,202002,Feb-20,27,Thursday
2020-02-28,2020,2,202002,Feb-20,28,Friday
2020-02-29,2020,2,202002,Feb-20,29,Saturday
2020-03-01,2020,3,202003,Mar-20,1,Sunday
2020-03-02,2020,3,202003,Mar-20,2,Monday
2020-03-03,2020,3,202003,Mar-20,3,Tuesday
2020-03-04,2020,3,202003,Mar-20,4,Wednesday
2020-03-05,2020,3,202003,Mar-20,5,Thursday
2020-03-06,2020,3,202003,Mar-20,6,Friday
2020-03-07,2020,3,202003,Mar-20,7,Saturday
2020-03-08,2020,3,202003,Mar-20,8,Sunday
2020-03-09,2020,3,202003,Mar-20,9,Monday
2020-03-10,2020,3,202003,Mar-20,10,Tuesday
2020-03-11,2020,3,202003,Mar-20,11,Wednesday
2020-03-12,2020,3,202003,Mar-20,12,Thursday
2020-03-13,2020,3,202003,Mar-20,13,Friday
2020-03-14,2020,3,202003,Mar-20,14,Saturday
2020-03-15,2020,3,202003,Mar-20,15,Sunday
2020-03-16,2020,3,202003,Mar-20,16,Monday
2020-03-17,2020,3,202003,Mar-20,17,Tuesday
2020-03-18,2020,3,202003,Mar-20,18,Wednesday
2020-03-19,2020,3,202003,Mar-20,19,Thursday
2020-03-20,2020,3,202003,Mar-20,20,Friday
2020-03-21,2020,3,202003,Mar-20,21,Saturday
2020-03-22,2020,3,202003,Mar-20,22,Sunday
2020-03-23,2020,3,202003,Mar-20,23,Monday
2020-03-24,2020,3,202003,Mar-20,24,Tuesday
2020-03-25,2020,3,202003,Mar-20,25,Wednesday
2020-03-26,2020,3,202003,Mar-20,26,Thursday
2020-03-27,2020,3,202003,Mar-20,27,Friday
2020-03-28,2020,3,202003,Mar-20,28,Saturday
2020-03-29,2020,3,202003,Mar-20,29,Sunday
2020-03-30,2020,3,202003,Mar-20,30,Monday
2020-03-31,2020,3,202003,Mar-20,31,Tuesday
2020-04-01,2020,4,202004,Apr-20,1,Wednesday
2020-04-02,2020,4,202004,Apr-20,2,Thursday
2020-04-03,2020,4,202004,Apr-20,3,Friday
2020-04-04,2020,4,202004,Apr-20,4,Saturday
2020-04-05,2020,4,202004,Apr-20,5,Sunday
2020-04-06,2020,4,202004,Apr-20,6,Monday
2020-04-07,2020,4,202004,Apr-20,7,Tuesday
2020-04-08,2020,4,202004,Apr-20,8,Wednesday
2020-04-09,2020,4,202004,Apr-20,9,Thursday
2020-04-10,2020,4,202004,Apr-20,10,Friday
2020-04-11,2020,4,202004,Apr-20,11,Saturday
2020-04-12,2020,4,202004,Apr-20,12,Sunday
2020-04-13,2020,4,202004,Apr-20,13,Monday
2020-04-14,2020,4,202004,Apr-20,14,Tuesday
2020-04-15,2020,4,202004,Apr-20,15,Wednesday
2020-04-16,2020,4,202004,Apr-20,16,Thursday
2020-04-17,2020,4,202004,Apr-20,17,Friday
2020-04-18,2020,4,202004,Apr-20,18,Saturday
2020-04-19,2020,4,202004,Apr-20,19,Sunday
2020-04-20,2020,4,202004,Apr-20,20,Monday
2020-04-21,2020,4,202004,Apr-20,21,Tuesday
2020-04-22,2020,4,202004,Apr-20,22,Wednesday
2020-04-23,2020,4,202004,Apr-20,23,Thursday
2020-04-24,2020,4,202004,Apr-20,24,Friday
2020-04-25,2020,4,202004,Apr-20,25,Saturday
2020-04-26,2020,4,202004,Apr-20,26,Sunday
2020-04-27,2020,4,202004,Apr-20,27,Monday
2020-04-28,2020,4,202004,Apr-20,28,Tuesday
2020-04-29,2020,4,202004,Apr-20,29,Wednesday
2020-04-30,2020,4,202004,Apr-20,30,Thursday
2020-05-01,2020,5,202005,May-20,1,Friday
2020-05-02,2020,5,202005,May-20,2,Saturday
2020-05-03,2020,5,202005,May-20,3,Sunday
2020-05-04,2020,5,202005,May-20,4,Monday
2020-05-05,2020,5,202005,May-20,5,Tuesday
2020-05-06,2020,5,202005,May-20,6,Wednesday
2020-05-07,2020,5,202005,May-20,7,Thursday
2020-05-08,2020,5,202005,May-20,8,Friday
2020-05-09,2020,5,202005,May-20,9,Saturday
2020-05-10,2020,5,202005,May-20,10,Sunday
2020-05-11,2020,5,202005,May-20,11,Monday
2020-05-12,2020,5,202005,May-20,12,Tuesday
2020-05-13,2020,5,202005,May-20,13,Wednesday
2020-05-14,2020,5,202005,May-20,14,Thursday
2020-05-15,2020,5,202005,May-20,15,Friday
2020-05-16,2020,5,202005,May-20,16,Saturday
2020-05-17,2020,5,202005,May-20,17,Sunday
2020-05-18,2020,5,202005,May-20,18,Monday
2020-05-19,2020,5,202005,May-20,19,Tuesday
2020-05-20,2020,5,202005,May-20,20,Wednesday
2020-05-21,2020,5,202005,May-20,21,Thursday
2020-05-22,2020,5,202005,May-20,22,Friday
2020-05-23,2020,5,202005,May-20,23,Saturday
2020-05-24,2020,5,202005,May-20,24,Sunday
2020-05-25,2020,5,202005,May-20,25,Monday
2020-05-26,2020,5,202005,May-20,26,Tuesday
2020-05-27,2020,5,202005,May-20,27,Wednesday
2020-05-28,2020,5,202005,May-20,28,Thursday
2020-05-29,2020,5,202005,May-20,29,Friday
2020-05-30,2020,5,202005,May-20,30,Saturday
2020-05-31,2020,5,202005,May-20,31,Sunday
2020-06-01,2020,6,202006,Jun-20,1,Monday
2020-06-02,2020,6,202006,Jun-20,2,Tuesday
2020-06-03,2020,6,202006,Jun-20,3,Wednesday
2020-06-04,2020,6,202006,Jun-20,4,Thursday
2020-06-05,2020,6,202006,Jun-20,5,Friday
2020-06-06,2020,6,202006,Jun-20,6,Saturday
2020-06-07,2020,6,202006,Jun-20,7,Sunday
2020-06-08,2020,6,202006,Jun-20,8,Monday
2020-06-09,2020,6,202006,Jun-20,9,Tuesday
2020-06-10,2020,6,202006,Jun-20,10,Wednesday
2020-06-11,2020,6,202006,Jun-20,11,Thursday
2020-06-12,2020,6,202006,Jun-20,12,Friday
2020-06-13,2020,6,202006,Jun-20,13,Saturday
2020-06-14,2020,6,202006,Jun-20,14,Sunday
2020-06-15,2020,6,202006,Jun-20,15,Monday
2020-06-16,2020,6,202006,Jun-20,16,Tuesday
2020-06-17,2020,6,202006,Jun-20,17,Wednesday
2020-06-18,2020,6,202006,Jun-20,18,Thursday
2020-06-19,2020,6,202006,Jun-20,19,Friday
2020-06-20,2020,6,202006,Jun-20,20,Saturday
2020-06-21,2020,6,202006,Jun-20,21,Sunday
2020-06-22,2020,6,202006,Jun-20,22,Monday
2020-06-23,2020,6,202006,Jun-20,23,Tuesday
2020-06-24,2020,6,202006,Jun-20,24,Wednesday
2020-06-25,2020,6,202006,Jun-20,25,Thursday
2020-06-26,2020,6,202006,Jun-20,26,Friday
2020-06-27,2020,6,202006,Jun-20,27,Saturday
2020-06-28,2020,6,202006,Jun-20,28,Sunday
2020-06-29,2020,6,202006,Jun-20,29,Monday
2020-06-30,2020,6,202006,Jun-20,30,Tuesday
2020-07-01,2020,7,202007,Jul-20,1,Wednesday
2020-07-02,2020,7,202007,Jul-20,2,Thursday
2020-07-03,2020,7,202007,Jul-20,3,Friday
2020-07-04,2020,7,202007,Jul-20,4,Saturday
2020-07-05,2020,7,202007,Jul-20,5,Sunday
2020-07-06,2020,7,202007,Jul-20,6,Monday
2020-07-07,2020,7,202007,Jul-20,7,Tuesday
2020-07-08,2020,7,202007,Jul-20,8,Wednesday
2020-07-09,2020,7,202007,Jul-20,9,Thursday
2020-07-10,2020,7,202007,Jul-20,10,Friday
2020-07-11,2020,7,202007,Jul-20,11,Saturday
2020-07-12,2020,7,202007,Jul-20,12,Sunday
2020-07-13,2020,7,202007,Jul-20,13,Monday
2020-07-14,2020,7,202007,Jul-20,14,Tuesday
2020-07-15,2020,7,202007,Jul-20,15,Wednesday
2020-07-16,2020,7,202007,Jul-20,16,Thursday
2020-07-17,2020,7,202007,Jul-20,17,Friday
2020-07-18,2020,7,202007,Jul-20,18,Saturday
2020-07-19,2020,7,202007,Jul-20,19,Sunday
2020-07-20,2020,7,202007,Jul-20,20,Monday
2020-07-21,2020,7,202007,Jul-20,21,Tuesday
2020-07-22,2020,7,202007,Jul-20,22,Wednesday
2020-07-23,2020,7,202007,Jul-20,23,Thursday
2020-07-24,2020,7,202007,Jul-20,24,Friday
2020-07-25,2020,7,202007,Jul-20,25,Saturday
2020-07-26,2020,7,202007,Jul-20,26,Sunday
2020-07-27,2020,7,202007,Jul-20,27,Monday
2020-07-28,2020,7,202007,Jul-20,28,Tuesday
2020-07-29,2020,7,202007,Jul-20,29,Wednesday
2020-07-30,2020,7,202007,Jul-20,30,Thursday
2020-07-31,2020,7,202007,Jul-20,31,Friday
2020-08-01,2020,8,202008,Aug-20,1,Saturday
2020-08-02,2020,8,202008,Aug-20,2,Sunday
2020-08-03,2020,8,202008,Aug-20,3,Monday
2020-08-04,2020,8,202008,Aug-20,4,Tuesday
2020-08-05,2020,8,202008,Aug-20,5,Wednesday
2020-08-06,2020,8,202008,Aug-20,6,Thursday
2020-08-07,2020,8,202008,Aug-20,7,Friday
2020-08-08,2020,8,202008,Aug-20,8,Saturday
2020-08-09,2020,8,202008,Aug-20,9,Sunday
2020-08-10,2020,8,202008,Aug-20,10,Monday
2020-08-11,2020,8,202008,Aug-20,11,Tuesday
2020-08-12,2020,8,202008,Aug-20,12,Wednesday
2020-08-13,2020,8,202008,Aug-20,13,Thursday
2020-08-14,2020,8,202008,Aug-20,14,Friday
2020-08-15,2020,8,202008,Aug-20,15,Saturday
2020-08-16,2020,8,202008,Aug-20,16,Sunday
2020-08-17,2020,8,202008,Aug-20,17,Monday
2020-08-18,2020,8,202008,Aug-20,18,Tuesday
2020-08-19,2020,8,202008,Aug-20,19,Wednesday
2020-08-20,2020,8,202008,Aug-20,20,Thursday
2020-08-21,2020,8,202008,Aug-20,21,Friday
2020-08-22,2020,8,202008,Aug-20,22,Saturday
2020-08-23,2020,8,202008,Aug-20,23,Sunday
2020-08-24,2020,8,202008,Aug-20,24,Monday
2020-08-25,2020,8,202008,Aug-20,25,Tuesday
2020-08-26,2020,8,202008,Aug-20,26,Wednesday
2020-08-27,2020,8,202008,Aug-20,27,Thursday
2020-08-28,2020,8,202008,Aug-20,28,Friday
2020-08-29,2020,8,202008,Aug-20,29,Saturday
2020-08-30,2020,8,202008,Aug-20,30,Sunday
2020-08-31,2020,8,202008,Aug-20,31,Monday
2020-09-01,2020,9,202009,Sep-20,1,Tuesday
2020-09-02,2020,9,202009,Sep-20,2,Wednesday
2020-09-03,2020,9,202009,Sep-20,3,Thursday
2020-09-04,2020,9,202009,Sep-20,4,Friday
2020-09-05,2020,9,202009,Sep-20,5,Saturday
2020-09-06,2020,9,202009,Sep-20,6,Sunday
2020-09-07,2020,9,202009,Sep-20,7,Monday
2020-09-08,2020,9,202009,Sep-20,8,Tuesday
2020-09-09,2020,9,202009,Sep-20,9,Wednesday
2020-09-10,2020,9,202009,Sep-20,10,Thursday
2020-09-11,2020,9,202009,Sep-20,11,Friday
2020-09-12,2020,9,202009,Sep-20,12,Saturday
2020-09-13,2020,9,202009,Sep-20,13,Sunday
2020-09-14,2020,9,202009,Sep-20,14,Monday
2020-09-15,2020,9,202009,Sep-20,15,Tuesday
2020-09-16,2020,9,202009,Sep-20,16,Wednesday
2020-09-17,2020,9,202009,Sep-20,17,Thursday
2020-09-18,2020,9,202009,Sep-20,18,Friday
2020-09-19,2020,9,202009,Sep-20,19,Saturday
2020-09-20,2020,9,202009,Sep-20,20,Sunday
2020-09-21,2020,9,202009,Sep-20,21,Monday
2020-09-22,2020,9,202009,Sep-20,22,Tuesday
2020-09-23,2020,9,202009,Sep-20,23,Wednesday
2020-09-24,2020,9,202009,Sep-20,24,Thursday
2020-09-25,2020,9,202009,Sep-20,25,Friday
2020-09-26,2020,9,202009,Sep-20,26,Saturday
2020-09-27,2020,9,202009,Sep-20,27,Sunday
2020-09-28,2020,9,202009,Sep-20,28,Monday
2020-09-29,2020,9,202009,Sep-20,29,Tuesday
2020-09-30,2020,9,202009,Sep-20,30,Wednesday
2020-10-01,2020,10,202010,Oct-20,1,Thursday
2020-10-02,2020,10,202010,Oct-20,2,Friday
2020-10-03,2020,10,202010,Oct-20,3,Saturday
2020-10-04,2020,10,202010,Oct-20,4,Sunday
2020-10-05,2020,10,202010,Oct-20,5,Monday
2020-10-06,2020,10,202010,Oct-20,6,Tuesday
2020-10-07,2020,10,202010,Oct-20,7,Wednesday
2020-10-08,2020,10,202010,Oct-20,8,Thursday
2020-10-09,2020,10,202010,Oct-20,9,Friday
2020-10-10,2020,10,202010,Oct-20,10,Saturday
2020-10-11,2020,10,202010,Oct-20,11,Sunday
2020-10-12,2020,10,202010,Oct-20,12,Monday
2020-10-13,2020,10,202010,Oct-20,13,Tuesday
2020-10-14,2020,10,202010,Oct-20,14,Wednesday
2020-10-15,2020,10,202010,Oct-20,15,Thursday
2020-10-16,2020,10,202010,Oct-20,16,Friday
2020-10-17,2020,10,202010,Oct-20,17,Saturday
2020-10-18,2020,10,202010,Oct-20,18,Sunday
2020-10-19,2020,10,202010,Oct-20,19,Monday
2020-10-20,2020,10,202010,Oct-20,20,Tuesday
2020-10-21,2020,10,202010,Oct-20,21,Wednesday
2020-10-22,2020,10,202010,Oct-20,22,Thursday
2020-10-23,2020,10,202010,Oct-20,23,Friday
2020-10-24,2020,10,202010,Oct-20,24,Saturday
2020-10-25,2020,10,202010,Oct-20,25,Sunday
2020-10-26,2020,10,202010,Oct-20,26,Monday
2020-10-27,2020,10,202010,Oct-20,27,Tuesday
2020-10-28,2020,10,202010,Oct-20,28,Wednesday
2020-10-29,2020,10,202010,Oct-20,29,Thursday
2020-10-30,2020,10,202010,Oct-20,30,Friday
2020-10-31,2020,10,202010,Oct-20,31,Saturday
2020-11-01,2020,11,202011,Nov-20,1,Sunday
2020-11-02,2020,11,202011,Nov-20,2,Monday
2020-11-03,2020,11,202011,Nov-20,3,Tuesday
2020-11-04,2020,11,202011,Nov-20,4,Wednesday
2020-11-05,2020,11,202011,Nov-20,5,Thursday
2020-11-06,2020,11,202011,Nov-20,6,Friday
2020-11-07,2020,11,202011,Nov-20,7,Saturday
2020-11-08,2020,11,202011,Nov-20,8,Sunday
2020-11-09,2020,11,202011,Nov-20,9,Monday
2020-11-10,2020,11,202011,Nov-20,10,Tuesday
2020-11-11,2020,11,202011,Nov-20,11,Wednesday
2020-11-12,2020,11,202011,Nov-20,12,Thursday
2020-11-13,2020,11,202011,Nov-20,13,Friday
2020-11-14,2020,11,202011,Nov-20,14,Saturday
2020-11-15,2020,11,202011,Nov-20,15,Sunday
2020-11-16,2020,11,202011,Nov-20,16,Monday
2020-11-17,2020,11,202011,Nov-20,17,Tuesday
2020-11-18,2020,11,202011,Nov-20,18,Wednesday
2020-11-19,2020,11,202011,Nov-20,19,Thursday
2020-11-20,2020,11,202011,Nov-20,20,Friday
2020-11-21,2020,11,202011,Nov-20,21,Saturday
2020-11-22,2020,11,202011,Nov-20,22,Sunday
2020-11-23,2020,11,202011,Nov-20,23,Monday
2020-11-24,2020,11,202011,Nov-20,24,Tuesday
2020-11-25,2020,11,202011,Nov-20,25,Wednesday
2020-11-26,2020,11,202011,Nov-20,26,Thursday
2020-11-27,2020,11,202011,Nov-20,27,Friday
2020-11-28,2020,11,202011,Nov-20,28,Saturday
2020-11-29,2020,11,202011,Nov-20,29,Sunday
2020-11-30,2020,11,202011,Nov-20,30,Monday
2020-12-01,2020,12,202012,Dec-20,1,Tuesday
2020-12-02,2020,12,202012,Dec-20,2,Wednesday
2020-12-03,2020,12,202012,Dec-20,3,Thursday
2020-12-04,2020,12,202012,Dec-20,4,Friday
2020-12-05,2020,12,202012,Dec-20,5,Saturday
2020-12-06,2020,12,202012,Dec-20,6,Sunday
2020-12-07,2020,12,202012,Dec-20,7,Monday
2020-12-08,2020,12,202012,Dec-20,8,Tuesday
2020-12-09,2020,12,202012,Dec-20,9,Wednesday
2020-12-10,2020,12,202012,Dec-20,10,Thursday
2020-12-11,2020,12,202012,Dec-20,11,Friday
2020-12-12,2020,12,202012,Dec-20,12,Saturday
2020-12-13,2020,12,202012,Dec-20,13,Sunday
2020-12-14,2020,12,202012,Dec-20,14,Monday
2020-12-15,2020,12,202012,Dec-20,15,Tuesday
2020-12-16,2020,12,202012,Dec-20,16,Wednesday
2020-12-17,2020,12,202012,Dec-20,17,Thursday
2020-12-18,2020,12,202012,Dec-20,18,Friday
2020-12-19,2020,12,202012,Dec-20,19,Saturday
2020-12-20,2020,12,202012,Dec-20,20,Sunday
2020-12-21,2020,12,202012,Dec-20,21,Monday
2020-12-22,2020,12,202012,Dec-20,22,Tuesday
2020-12-23,2020,12,202012,Dec-20,23,Wednesday
2020-12-24,2020,12,202012,Dec-20,24,Thursday
2020-12-25,2020,12,202012,Dec-20,25,Friday
2020-12-26,2020,12,202012,Dec-20,26,Saturday
2020-12-27,2020,12,202012,Dec-20,27,Sunday
2020-12-28,2020,12,202012,Dec-20,28,Monday
2020-12-29,2020,12,202012,Dec-20,29,Tuesday
2020-12-30,2020,12,202012,Dec-20,30,Wednesday
2020-12-31,2020,12,202012,Dec-20,31,Thursday
